{"cam0": [[[1.0, 0.0, 0.0, 0.0], [0.0, 0.30901699437494745, 0.9510565162951536, 9.500000000000028], [0.0, -0.9510565162951536, 0.30901699437494745, 3.000000000000007], [0.0, 0.0, 0.0, 1.0]], [[305.4163695204686, 0.0, 180.0], [0.0, 305.4163695204686, 320.0], [0.0, 0.0, 1.0]]], "cam1": [[[6.861555643110583e-17, -0.9510565162951536, 0.30901699437494745, 2.9999999999999964], [2.11176968422134e-16, 0.30901699437494745, 0.9510565162951536, 9.500000000000028], [-1.0, 0.0, 2.220446049250313e-16, -6.861555643110581e-15], [0.0, 0.0, 0.0, 1.0]], [[305.4163695204686, 0.0, 180.0], [0.0, 305.4163695204686, 320.0], [0.0, 0.0, 1.0]]], "cam2": [[[6.861555643110583e-17, 0.9510565162951536, -0.30901699437494745, -3.0], [-2.11176968422134e-16, 0.30901699437494745, 0.9510565162951536, 9.500000000000028], [1.0, 0.0, 2.220446049250313e-16, 6.861555643110581e-15], [0.0, 0.0, 0.0, 1.0]], [[305.4163695204686, 0.0, 180.0], [0.0, 305.4163695204686, 320.0], [0.0, 0.0, 1.0]]], "cam3": [[[-1.0, -9.662289450897499e-17, 1.601616662667754e-16, 1.892183365217075e-15], [1.2246467991473532e-16, 0.30901699437494745, 0.9510565162951536, 9.500000000000028], [-1.413865101699022e-16, 0.9510565162951536, -0.30901699437494745, -3.000000000000007], [0.0, 0.0, 0.0, 1.0]], [[305.4163695204686, 0.0, 180.0], [0.0, 305.4163695204686, 320.0], [0.0, 0.0, 1.0]]]}